{
  "project_info": {
    "project_number": "1075939037251",
    "firebase_url": "https://lojaflutter-98501.firebaseio.com",
    "project_id": "lojaflutter-98501",
    "storage_bucket": "lojaflutter-98501.appspot.com"
  },
  "client": [
    {
      "client_info": {
        "mobilesdk_app_id": "1:1075939037251:android:efce55b347af45c5",
        "android_client_info": {
          "package_name": "br.com.maoliv.flutter_gerente_loja"
        }
      },
      "oauth_client": [
        {
          "client_id": "1075939037251-ouloiaqn5b2jm5hdlpur53g3e7akf460.apps.googleusercontent.com",
          "client_type": 3
        }
      ],
      "api_key": [
        {
          "current_key": "AIzaSyAMx2UN42Mz5QB1CZ3WGk6Sf0kw617WPqY"
        }
      ],
      "services": {
        "appinvite_service": {
          "other_platform_oauth_client": [
            {
              "client_id": "1075939037251-ouloiaqn5b2jm5hdlpur53g3e7akf460.apps.googleusercontent.com",
              "client_type": 3
            }
          ]
        }
      }
    },
    {
      "client_info": {
        "mobilesdk_app_id": "1:1075939037251:android:91d3d005a80f7eb3",
        "android_client_info": {
          "package_name": "br.com.maoliv.loja_virtual"
        }
      },
      "oauth_client": [
        {
          "client_id": "1075939037251-ouloiaqn5b2jm5hdlpur53g3e7akf460.apps.googleusercontent.com",
          "client_type": 3
        }
      ],
      "api_key": [
        {
          "current_key": "AIzaSyAMx2UN42Mz5QB1CZ3WGk6Sf0kw617WPqY"
        }
      ],
      "services": {
        "appinvite_service": {
          "other_platform_oauth_client": [
            {
              "client_id": "1075939037251-ouloiaqn5b2jm5hdlpur53g3e7akf460.apps.googleusercontent.com",
              "client_type": 3
            }
          ]
        }
      }
    }
  ],
  "configuration_version": "1"
}